RegionID,SizeRank,City/State,Lat,Long,Monthly Average,Radius,YOY %
102001,0,United States,,,1887,,
394913,1,"New York, NY",40.7128,-74.006,3533,25,4.20%
753899,2,"Los Angeles, CA",34.0522,-118.2437,2741,25,2.20%
394463,3,"Chicago, IL",41.8781,-87.6298,2184,25,5.90%
394514,4,"Dallas, TX",32.7767,-96.797,1577,25,0.30%
394692,5,"Houston, TX",29.7604,-95.3698,1480,25,0.10%
395209,6,"Washington, DC",38.9072,-77.0369,2364,25,2.40%
394974,7,"Philadelphia, PA",39.9526,-75.1652,1871,22.5,2.50%
394856,8,"Miami, FL",25.7617,-80.1918,2545,22.5,1.60%
394347,9,"Atlanta, GA",33.749,-84.388,1721,25,0.60%
394404,10,"Boston, MA",42.3601,-71.0589,3165,20,2.90%
394976,11,"Phoenix, AZ",33.4484,-112.074,1567,22.5,-1.80%
395057,12,"San Francisco, CA",37.7749,-122.4194,2943,22.5,4.60%
395025,13,"Riverside, CA",33.9806,-117.3755,2318,20,2.90%
394532,14,"Detroit, MI",42.3314,-83.0458,1445,22.5,3.60%
395078,15,"Seattle, WA",47.6062,-122.3321,2128,22.5,2.20%
394865,16,"Minneapolis, MN",44.9778,-93.265,1602,22.5,3.30%
395056,17,"San Diego, CA",32.7157,-117.1611,2779,20,1.30%
395148,18,"Tampa, FL",27.9506,-82.4572,1918,20,3.00%
394530,19,"Denver, CO",39.7392,-104.9903,1831,22.5,-2.60%
394358,20,"Baltimore, MD",39.2904,-76.6122,1803,17.5,2.00%
395121,21,"St. Louis, MO",38.627,-90.1994,1369,20,3.00%
394943,22,"Orlando, FL",28.5383,-81.3792,1865,20,0.00%
394458,23,"Charlotte, NC",35.2271,-80.8431,1595,17.5,0.00%
395055,24,"San Antonio, TX",29.4241,-98.4936,1297,22.5,-1.80%
394998,25,"Portland, OR",45.5051,-122.675,1718,20,1.20%
395045,26,"Sacramento, CA",38.5816,-121.4944,2055,20,1.40%
394982,27,"Pittsburgh, PA",40.4406,-79.9959,1458,17.5,4.30%
394466,28,"Cincinnati, OH",39.1031,-84.512,1441,17.5,4.10%
394355,29,"Austin, TX",30.2672,-97.7431,1520,17.5,-3.90%
394775,30,"Las Vegas, NV",36.1699,-115.1398,1570,15,-0.40%
394735,31,"Kansas City, MO",39.0997,-94.5786,1424,17.5,3.70%
394492,32,"Columbus, OH",39.9612,-82.9988,1440,17.5,4.10%
394705,34,"Indianapolis, IN",39.7684,-86.1581,1414,17.5,4.30%
394475,35,"Cleveland, OH",41.4993,-81.6944,1352,17.5,4.10%
395059,36,"San Jose, CA",37.3382,-121.8863,3280,20,3.20%
394902,37,"Nashville, TN",36.1627,-86.7816,1687,20,-0.90%
395194,38,"Virginia Beach, VA",36.8529,-75.978,1657,17.5,4.30%
395005,39,"Providence, RI",41.824,-71.4128,2129,15,6.20%
394714,40,"Jacksonville, FL",30.3322,-81.6557,1517,17.5,0.20%
394862,41,"Milwaukee, WI",43.0389,-87.9065,1429,17.5,4.00%
394935,42,"Oklahoma City, OK",35.4676,-97.5164,1131,17.5,3.40%
395012,43,"Raleigh, NC",35.7796,-78.6382,1531,17.5,-1.10%
394849,44,"Memphis, TN",35.1495,-90.049,1297,17.5,1.40%
395022,45,"Richmond, VA",37.5407,-77.436,1620,17.5,3.40%
394807,46,"Louisville, KY",38.2527,-85.7585,1273,17.5,1.60%
394910,47,"New Orleans, LA",29.9511,-90.0715,1536,17.5,2.10%
395053,48,"Salt Lake City, UT",40.7608,-111.891,1575,20,0.40%
394669,49,"Hartford, CT",41.7658,-72.6734,1902,15,4.20%
394425,50,"Buffalo, NY",42.8864,-78.8784,1386,15,3.80%
394388,51,"Birmingham, AL",33.5186,-86.8104,1347,15,3.30%
395031,52,"Rochester, NY",43.1566,-77.6088,1464,15,4.70%
394640,53,"Grand Rapids, MI",42.9634,-85.6681,1467,15,4.20%
395167,54,"Tucson, AZ",32.2226,-110.9747,1237,17.5,0.90%
753924,55,"Urban Honolulu, HI",21.3069,-157.8583,2685,15,3.50%
395169,56,"Tulsa, OK",36.1539,-95.9928,1169,17.5,0.90%
394619,57,"Fresno, CA",36.7378,-119.7871,1590,17.5,3.50%
395238,58,"Worcester, MA",42.2626,-71.8023,2127,15,6.70%
394938,59,"Omaha, NE",41.2565,-95.9345,1304,15,3.30%
394415,60,"Bridgeport, CT",41.1792,-73.1894,2668,12.5,5.40%
394653,61,"Greenville, SC",34.8526,-82.394,1498,15,3.10%
394312,62,"Albuquerque, NM",35.0844,-106.6504,1391,17.5,2.90%
394357,63,"Bakersfield, CA",35.3733,-119.0187,1444,17.5,2.70%
394308,64,"Albany, NY",42.6526,-73.7562,1571,15,4.60%
394753,65,"Knoxville, TN",35.9606,-83.9207,1655,15,4.10%
394367,66,"Baton Rouge, LA",30.4515,-91.1871,1273,15,1.60%
394843,67,"McAllen, TX",26.2034,-98.23,1012,15,1.20%
394908,68,"New Haven, CT",41.3083,-72.9279,2121,15,4.50%
394561,69,"El Paso, TX",31.7619,-106.485,1161,15,3.20%
394318,70,"Allentown, PA",40.6084,-75.4902,1723,15,3.00%
394952,71,"Oxnard, CA",34.1975,-119.1771,2783,12.5,3.90%
394486,72,"Columbia, SC",34.0007,-81.0348,1371,15,4.80%
753906,73,"North Port, FL",27.0442,-82.2359,1966,12.5,-1.90%
845158,74,"Dayton, OH",39.7589,-84.1916,1289,17.5,4.90%
394457,75,"Charleston, SC",32.7765,-79.9311,1915,15,1.90%
394648,76,"Greensboro, NC",36.0726,-79.792,1180,15,0.80%
395134,77,"Stockton, CA",37.9577,-121.2908,1960,15,2.00%
394440,78,"Cape Coral, FL",26.5629,-81.9495,1768,12.5,-2.50%
394399,79,"Boise City, ID",43.615,-116.2023,1538,17.5,3.00%
394484,80,"Colorado Springs, CO",38.8339,-104.8214,1525,17.5,-1.80%
394798,81,"Little Rock, AR",34.7465,-92.2896,1090,15,1.70%
394766,82,"Lakeland, FL",28.0395,-81.9498,1655,12.5,1.80%
394304,83,"Akron, OH",41.0814,-81.519,1251,15,3.40%
394531,84,"Des Moines, IA",41.5868,-93.625,1176,15,0.30%
395115,85,"Springfield, MA",42.1015,-72.5898,1794,15,6.00%
845159,86,"Poughkeepsie, NY",41.7004,-73.921,2023,12.5,4.60%
394931,87,"Ogden, UT",41.223,-111.9738,1495,12.5,1.20%
394816,88,"Madison, WI",43.0731,-89.4012,1540,15,3.90%
395235,89,"Winston, NC",36.0999,-80.2442,1417,15,5.10%
394528,90,"Deltona, FL",28.9005,-81.2637,1609,12.5,1.80%
395143,91,"Syracuse, NY",43.0481,-76.1474,1575,15,5.90%
395006,92,"Provo, UT",40.2338,-111.6585,1505,15,1.30%
395160,93,"Toledo, OH",41.6528,-83.5379,1318,15,3.60%
395224,94,"Wichita, KS",37.6872,-97.3301,911,15,1.90%
394549,95,"Durham, NC",35.994,-78.8986,1586,15,0.40%
394352,96,"Augusta, GA",33.4735,-82.0105,1273,15,7.10%
394957,97,"Palm Bay, FL",28.0345,-80.5887,1673,12.5,0.50%
394711,98,"Jackson, MS",32.2988,-90.1848,1410,15,2.00%
394666,99,"Harrisburg, PA",40.2732,-76.8867,1316,15,3.70%
395113,100,"Spokane, WA",47.6588,-117.426,1460,15,2.40%
395075,101,"Scranton, PA",41.4089,-75.6624,1226,12.5,2.60%
394460,102,"Chattanooga, TN",35.0456,-85.3097,1333,15,-0.50%
394871,103,"Modesto, CA",37.6391,-120.9969,1738,15,4.20%
394768,104,"Lancaster, PA",40.0379,-76.3055,1295,12.5,4.90%
394997,105,"Portland, ME",43.6591,-70.2568,2229,15,6.10%
395245,106,"Youngstown, OH",41.0998,-80.6495,843,12.5,6.60%
394770,107,"Lansing, MI",42.7325,-84.5555,1276,12.5,7.10%
394590,108,"Fayetteville, AR",36.0822,-94.1719,1335,12.5,4.60%
394589,109,"Fayetteville, NC",35.0527,-78.8784,1315,12.5,3.80%
394792,110,"Lexington, KY",38.0406,-84.5037,1346,15,4.50%
394971,111,"Pensacola, FL",30.4213,-87.2169,1644,12.5,1.10%
395068,112,"Santa Rosa, CA",38.4405,-122.7144,2479,15,1.50%
395019,113,"Reno, NV",39.5296,-119.8138,1770,15,3.20%
394698,114,"Huntsville, AL",34.7304,-86.5861,1250,12.5,-1.90%
394995,115,"Port St. Lucie, FL",27.273,-80.3582,2077,12.5,4.00%
394761,116,"Lafayette, LA",30.2241,-92.0198,1257,12.5,4.40%
394898,117,"Myrtle Beach, SC",33.6891,-78.8867,1644,12.5,0.50%
395116,118,"Springfield, MO",37.2089,-93.2923,947,12.5,4.30%
395195,119,"Visalia, CA",36.3302,-119.2921,1366,12.5,5.10%
394746,120,"Killeen, TX",31.1171,-97.7278,1110,12.5,2.10%
394338,121,"Asheville, NC",35.5951,-82.5515,1593,12.5,-0.50%
395244,122,"York, PA",39.9626,-76.7277,1172,12.5,6.50%
395183,123,"Vallejo, CA",38.1041,-122.2566,2271,12.5,3.40%
753917,124,"Santa Maria, CA",34.953,-120.4357,2801,12.5,0.40%
395050,125,"Salinas, CA",36.6777,-121.6555,2343,15,5.30%
395048,126,"Salem, OR",44.9429,-123.0351,1579,12.5,1.70%
394870,127,"Mobile, AL",30.6954,-88.0399,1338,15,4.20%
395015,128,"Reading, PA",40.3356,-75.9269,1337,12.5,1.40%
394502,129,"Corpus Christi, TX",27.8006,-97.3964,1181,17.5,0.30%
394421,130,"Brownsville, TX",25.9017,-97.4975,1121,15,2.80%
394820,131,"Manchester, NH",42.9956,-71.4548,2096,12.5,4.00%
394612,132,"Fort Wayne, IN",41.0793,-85.1394,1149,15,3.70%
394658,133,"Gulfport, MS",30.3674,-89.0928,1326,12.5,4.10%
395051,134,"Salisbury, MD",38.3607,-75.5994,1758,12.5,7.90%
394596,135,"Flint, MI",43.0125,-83.6875,1087,12.5,2.90%
394972,136,"Peoria, IL",40.6936,-89.589,1095,12.5,6.60%
394439,137,"Canton, OH",40.7989,-81.3784,996,12.5,5.60%
395070,138,"Savannah, GA",32.0809,-81.0912,1705,12.5,1.50%
394327,139,"Anchorage, AK",61.2181,-149.9003,1530,17.5,3.30%
394372,140,"Beaumont, TX",30.0802,-94.1266,1046,15,8.70%
395096,141,"Shreveport, LA",32.5252,-93.7502,1373,12.5,6.90%
395164,142,"Trenton, NJ",40.2171,-74.7429,2511,12.5,1.70%
394875,143,"Montgomery, AL",32.3792,-86.3077,1376,12.5,4.40%
394520,144,"Davenport, IA",41.5236,-90.5776,838,15,0.40%
395146,145,"Tallahassee, FL",30.4383,-84.2807,1374,12.5,4.50%
394576,146,"Eugene, OR",44.0521,-123.0868,1740,12.5,2.30%
394901,147,"Naples, FL",26.142,-81.7948,2361,12.5,1.60%
394332,148,"Ann Arbor, MI",42.2808,-83.743,2067,12.5,4.80%
394927,149,"Ocala, FL",29.1872,-82.1401,1453,12.5,3.00%
394679,150,"Hickory, NC",35.7332,-81.3412,1402,12.5,8.30%
394697,151,"Huntington, WV",38.4193,-82.4452,841,12.5,3.60%
394602,152,"Fort Collins, CO",40.5853,-105.0844,1719,12.5,1.40%
395033,153,"Rockford, IL",42.2711,-89.0937,1108,12.5,7.80%
394796,154,"Lincoln, NE",40.8136,-96.7026,1205,12.5,2.70%
394622,155,"Gainesville, FL",29.6516,-82.3248,1588,12.5,3.70%
394405,156,"Boulder, CO",40.01499,-105.2705,2117,12.5,0.90%
394646,157,"Green Bay, WI",44.5133,-88.0133,981,12.5,7.40%
394488,158,"Columbus, GA",32.46,-84.9877,1143,15,5.10%
395107,159,"South Bend, IN",41.6764,-86.252,1669,12.5,8.90%
395109,160,"Spartanburg, SC",34.9496,-81.932,1317,15,3.70%
394645,161,"Greeley, CO",40.4233,-104.7091,1469,12.5,0.90%
394808,162,"Lubbock, TX",33.5779,-101.8552,1045,12.5,2.20%
394471,163,"Clarksville, TN",36.5298,-87.3595,1180,12.5,2.00%
395028,164,"Roanoke, VA",37.2709,-79.9414,1325,12.5,5.70%
394579,165,"Evansville, IN",37.9716,-87.5711,820,12.5,5.20%
394747,167,"Kingsport, TN",36.5484,-82.5618,1199,12.5,5.00%
394741,168,"Kennewick, WA",46.2112,-119.1372,1651,12.5,2.10%
395179,169,"Utica, NY",43.1009,-75.2327,1214,12.5,4.80%
394660,170,"Hagerstown, MD",39.6418,-77.719,1448,12.5,4.90%
394543,171,"Duluth, MN",46.7867,-92.1005,1233,12.5,8.00%
394937,172,"Olympia, WA",47.0379,-122.9007,1829,12.5,4.40%
394803,173,"Longview, TX",32.5007,-94.7405,996,10,6.60%
395229,174,"Wilmington, NC",34.2257,-77.9447,1557,12.5,-0.20%
395061,175,"San Luis Obispo, CA",35.2828,-120.6596,2463,12.5,6.10%
753875,176,"Crestview, FL",30.7621,-86.5705,1764,10,-1.70%
394851,177,"Merced, CA",37.3022,-120.482,1580,12.5,7.10%
395197,178,"Waco, TX",31.5493,-97.1467,1371,12.5,0.00%
394447,179,"Cedar Rapids, IA",41.9779,-91.6656,815,12.5,5.90%
394348,180,"Atlantic City, NJ",39.3643,-74.4229,1865,10,8.50%
394412,181,"Bremerton, WA",47.5673,-122.6326,1875,12.5,2.80%
395103,182,"Sioux Falls, SD",43.5446,-96.7311,1099,12.5,0.40%
395065,183,"Santa Cruz, CA",36.9741,-122.0308,3177,12.5,2.10%
394572,184,"Erie, PA",42.1292,-80.0851,861,15,11.90%
394924,185,"Norwich, CT",41.5243,-72.0759,1667,10,0.50%
394323,186,"Amarillo, TX",35.221,-101.8313,913,15,2.40%
394772,187,"Laredo, TX",27.5306,-99.4803,1229,12.5,7.00%
395171,188,"Tuscaloosa, AL",33.2098,-87.5692,1168,10,3.80%
394483,189,"College Station, TX",30.6279,-96.3344,1305,12.5,3.40%
394732,190,"Kalamazoo, MI",42.2917,-85.5872,1186,12.5,3.30%
394811,191,"Lynchburg, VA",37.4138,-79.1423,1042,10,5.20%
394455,192,"Charleston, WV",38.3498,-81.6326,1178,15,9.20%
395240,193,"Yakima, WA",46.6021,-120.5059,1176,10,0.00%
394585,194,"Fargo, ND",46.8772,-96.7898,975,15,2.70%
394387,195,"Binghamton, NY",42.0987,-75.918,1272,12.5,7.50%
394609,196,"Fort Smith, AR",35.3859,-94.3986,790,12.5,2.70%
394334,197,"Appleton, WI",44.2619,-88.4154,1094,12.5,4.80%
845160,198,"Prescott Valley, AZ",34.61,-112.3157,1722,12.5,5.50%
395161,199,"Topeka, KS",39.0558,-95.689,1169,12.5,5.20%
394813,200,"Macon, GA",32.8407,-83.6324,1117,12.5,-1.40%
395174,201,"Tyler, TX",32.3513,-95.3011,1304,10,4.10%
394361,202,"Barnstable Town, MA",41.7003,-70.3002,2733,12.5,1.30%
394519,203,"Daphne, AL",30.6035,-87.9036,1484,10,-1.20%
394378,205,"Bellingham, WA",48.7544,-122.4687,1753,12.5,4.70%
394429,206,"Burlington, VT",44.4759,-73.2121,1920,12.5,1.80%
395030,207,"Rochester, MN",44.0121,-92.4802,1591,12.5,2.10%
753895,208,"Lafayette, IN",40.4167,-86.8753,1136,10,6.10%
394454,209,"Champaign, IL",40.1164,-88.2434,969,12.5,6.50%
394848,210,"Medford, OR",42.3265,-122.8756,1432,12.5,7.70%
845164,211,"Lebanon, NH",43.6423,-72.2518,1726,10,8.20%
394459,212,"Charlottesville, VA",38.0293,-78.4767,1819,12.5,3.00%
394763,213,"Lake Charles, LA",30.2266,-93.2174,1013,12.5,1.90%
394773,214,"Las Cruces, NM",32.3199,-106.7637,945,12.5,4.10%
394464,215,"Chico, CA",39.7285,-121.8375,1457,12.5,3.40%
394681,216,"Hilton Head Island, SC",32.2163,-80.7526,1913,7.5,-1.30%
394346,217,"Athens, GA",33.9519,-83.3576,1561,12.5,0.30%
394765,218,"Lake Havasu City, AZ",34.4839,-114.3225,1309,10,4.70%
394485,219,"Columbia, MO",38.9517,-92.3341,1043,15,5.60%
395114,220,"Springfield, IL",39.7817,-89.6501,1013,12.5,3.00%
394691,221,"Houma, LA",29.5958,-90.7195,1348,10,6.10%
394872,222,"Monroe, LA",32.5093,-92.1193,1085,12.5,2.80%
394565,223,"Elkhart, IN",41.6819,-85.9767,908,12.5,10.90%
394726,224,"Johnson City, TN",36.3134,-82.3535,1253,10,10.40%
395247,225,"Yuma, AZ",32.6927,-114.6277,1132,10,4.40%
394623,226,"Gainesville, GA",34.2979,-83.8241,1584,12.5,-0.80%
394716,227,"Jacksonville, NC",34.7541,-77.4302,1074,10,6.30%
394597,228,"Florence, SC",34.1954,-79.7626,1415,10,1.90%
394680,229,"Hilo, HI",19.707,-155.0885,2157,10,0.00%
395118,230,"St. Cloud, MN",45.5579,-94.1632,1277,12.5,2.90%
395011,231,"Racine, WI",42.7261,-87.7829,1268,10,6.30%
394380,232,"Bend, OR",44.0582,-121.3153,1850,10,3.50%
395047,233,"Saginaw, MI",43.4195,-83.9508,942,10,5.70%
395202,234,"Warner Robins, GA",32.613,-83.6242,1535,10,1.60%
395151,235,"Terre Haute, IN",39.4667,-87.4139,827,12.5,3.70%
395162,236,"Torrington, CT",41.8006,-73.1212,1532,10,7.90%
395009,237,"Punta Gorda, FL",26.9298,-82.0454,1596,10,-2.20%
394386,239,"Billings, MT",45.7833,-108.5007,1296,12.5,3.50%
395018,240,"Redding, CA",40.5865,-122.3917,1250,12.5,6.40%
394748,241,"Kingston, NY",41.927,-73.9974,1835,10,2.50%
394960,242,"Panama City, FL",30.1588,-85.6602,1640,12.5,-0.20%
394729,243,"Joplin, MO",37.0842,-94.5133,1029,10,5.90%
394539,244,"Dover, DE",39.1582,-75.5244,1539,10,2.60%
394712,246,"Jackson, TN",35.6145,-88.8139,1005,12.5,4.40%
395246,247,"Yuba City, CA",39.1404,-121.6169,1385,10,1.60%
394406,248,"Bowling Green, KY",36.9685,-86.4808,1145,12.5,1.10%
395119,249,"St. George, UT",37.0965,-113.5684,1597,12.5,3.60%
394896,250,"Muskegon, MI",43.2342,-86.2484,1068,10,11.30%
394299,251,"Abilene, TX",32.4487,-99.7331,1329,10,14.60%
394707,252,"Iowa City, IA",41.6611,-91.5302,999,12.5,4.90%
394351,253,"Auburn, AL",32.6099,-85.4808,1418,12.5,0.00%
394860,254,"Midland, TX",31.9973,-102.0779,1574,12.5,3.90%
394671,255,"Hattiesburg, MS",31.3271,-89.2903,1301,10,11.00%
753869,255,"Bloomington, IL",40.4842,-88.9937,1005,12.5,4.10%
394944,257,"Oshkosh, WI",44.0247,-88.5426,1090,12.5,7.00%
394555,258,"Eau Claire, WI",44.8113,-91.4985,1021,12.5,2.80%
394651,259,"Greenville, NC",35.6127,-77.3664,1430,12.5,5.20%
394428,260,"Burlington, NC",36.0957,-79.4378,1331,10,5.90%
395210,261,"Waterloo, IA",42.4928,-92.3426,940,10,5.20%
394480,262,"Coeur d'Alene, ID",47.6777,-116.7805,1656,10,4.10%
394553,263,"East Stroudsburg, PA",41.0004,-75.18,1491,10,0.40%
395007,264,"Pueblo, CO",38.2544,-104.6091,1192,10,1.60%
395215,266,"Wausau, WI",44.9591,-89.6301,918,10,5.00%
394731,267,"Kahului, HI",20.8895,-156.4743,2836,10,5.80%
394720,268,"Janesville, WI",42.6828,-89.0187,979,10,12.40%
395170,269,"Tupelo, MS",34.2576,-88.7034,1075,10,6.50%
394393,270,"Bloomington, IN",39.1653,-86.5264,1201,10,3.80%
394930,271,"Odessa, TX",31.8457,-102.3676,1440,12.5,7.50%
394710,272,"Jackson, MI",42.2459,-84.4014,943,10,2.90%
395125,273,"State College, PA",40.7934,-77.86,1279,10,2.60%
395079,274,"Sebastian, FL",27.8164,-80.4706,1924,10,12.10%
394453,277,"Chambersburg, PA",39.9376,-77.6611,1017,7.5,8.30%
395193,278,"Vineland, NJ",39.4864,-75.025,1702,12.5,0.00%
394703,279,"Idaho Falls, ID",43.4917,-112.0339,1055,12.5,0.90%
394639,280,"Grand Junction, CO",39.0639,-108.5506,1436,12.5,3.30%
394563,281,"Elizabethtown, KY",37.7031,-85.8649,914,10,1.80%
394917,282,"Niles, MI",41.8295,-86.2542,1324,7.5,2.20%
394873,283,"Monroe, MI",41.9164,-83.3977,1086,10,2.90%
395066,284,"Santa Fe, NM",35.687,-105.9378,1830,12.5,-3.30%
394493,285,"Concord, NH",43.2081,-71.5376,2135,12.5,5.50%
395163,287,"Traverse City, MI",44.7631,-85.6206,1630,10,0.00%
394359,288,"Bangor, ME",44.8012,-68.7778,1405,10,6.70%
394685,289,"Homosassa Springs, FL",28.8025,-82.5555,1338,7.5,0.00%
394662,290,"Hanford, CA",36.3275,-119.6457,1352,10,1.50%
394723,291,"Jefferson City, MO",38.5767,-92.1735,782,10,12.70%
394598,292,"Florence, AL",34.7998,-87.6773,789,10,1.40%
394306,295,"Albany, GA",31.5785,-84.1557,857,10,-0.90%
845167,296,"Ottawa, IL",41.3456,-88.8426,915,7.5,3.80%
395102,297,"Sioux City, IA",42.4993,-96.4003,1187,12.5,9.00%
395223,298,"Wichita Falls, TX",33.9137,-98.4934,838,10,2.30%
395182,300,"Valdosta, GA",30.8327,-83.2785,1396,10,9.20%
394800,301,"Logan, UT",41.7355,-111.8344,1160,10,2.30%
394595,302,"Flagstaff, AZ",35.1983,-111.6513,2081,10,2.30%
395036,303,"Rocky Mount, NC",35.9382,-77.7905,756,10,0.00%
395000,304,"Pottsville, PA",40.6856,-76.195,992,7.5,15.80%
394783,306,"Lebanon, PA",40.3409,-76.4113,1234,10,8.90%
395232,308,"Winchester, VA",39.1857,-78.1633,1722,10,5.30%
395221,309,"Wheeling, WV",40.063,-80.7214,817,10,6.70%
394879,310,"Morgantown, WV",39.6295,-79.9559,1218,10,2.50%
394756,311,"La Crosse, WI",43.8014,-91.2396,1035,10,3.10%
394900,312,"Napa, CA",38.2975,-122.2869,2524,10,0.90%
395013,313,"Rapid City, SD",44.0805,-103.231,1130,12.5,2.30%
395139,314,"Sumter, SC",33.9204,-80.3415,1042,10,2.20%
394577,315,"Eureka, CA",40.8021,-124.1637,1337,12.5,4.70%
394668,317,"Harrisonburg, VA",38.4496,-78.8689,1568,10,6.30%
394368,318,"Battle Creek, MI",42.3212,-85.1797,1148,12.5,8.40%
395094,319,"Sherman, TX",33.6357,-96.6089,1338,10,3.10%
394821,320,"Manhattan, KS",39.1836,-96.5717,862,7.5,8.30%
394442,321,"Carbondale, IL",37.7273,-89.2168,709,10,4.30%
394728,323,"Jonesboro, AR",35.8423,-90.7043,989,10,8.50%
394390,324,"Bismarck, ND",46.8083,-100.7837,1385,10,8.90%
394661,325,"Hammond, LA",30.5044,-90.4612,1199,10,5.90%
394983,326,"Pittsfield, MA",42.4501,-73.2454,1552,10,6.60%
394890,327,"Mount Vernon, WA",48.4212,-122.3341,1973,10,-2.40%
395153,329,"The Villages, FL",28.926,-81.985,1648,12.5,2.30%
394307,330,"Albany, OR",44.6365,-123.1059,1476,10,4.50%
394633,331,"Glens Falls, NY",43.3095,-73.644,1230,10,0.00%
394780,332,"Lawton, OK",34.6036,-98.3959,1029,10,0.50%
394474,334,"Cleveland, TN",35.1595,-84.8766,1414,10,2.90%
395098,335,"Sierra Vista, AZ",31.5455,-110.2773,977,10,5.90%
394325,336,"Ames, IA",42.0308,-93.6319,876,10,6.50%
394824,337,"Mansfield, OH",40.7584,-82.5154,830,10,0.00%
395128,338,"Staunton, VA",38.1496,-79.0717,1174,10,0.00%
394353,339,"Augusta, ME",44.3106,-69.7795,1359,10,6.50%
394321,340,"Altoona, PA",40.5187,-78.3947,857,10,0.00%
394905,341,"New Bern, NC",35.1085,-77.0441,1412,10,6.00%
394588,342,"Farmington, NM",36.7281,-108.2187,1066,10,0.00%
395120,343,"St. Joseph, MO",39.7675,-94.8467,804,10,0.00%
395054,344,"San Angelo, TX",31.4638,-100.437,1073,12.5,0.00%
395218,345,"Wenatchee, WA",47.4235,-120.3103,1737,10,0.50%
394778,349,"Lawrence, KS",38.9717,-95.2353,984,10,8.80%
394635,350,"Goldsboro, NC",35.3849,-77.9928,1033,10,0.00%
395213,351,"Watertown, NY",43.9748,-75.9108,1221,10,-0.40%
395089,352,"Sheboygan, WI",43.7508,-87.7145,912,10,1.60%
395217,353,"Weirton, WV",40.4184,-80.589,758,7.5,-0.80%
394867,354,"Missoula, MT",46.8721,-113.994,1367,10,3.20%
395237,355,"Wooster, OH",40.8051,-81.9351,1395,7.5,2.60%
394407,356,"Bozeman, MT",45.677,-111.0429,2105,12.5,0.20%
394333,357,"Anniston, AL",33.6598,-85.8316,772,10,2.20%
395225,359,"Williamsport, PA",41.2412,-77.0011,1047,10,4.20%
394423,360,"Brunswick, GA",31.1498,-81.4915,1413,10,2.50%
395173,361,"Twin Falls, ID",42.561,-114.4609,1253,10,7.20%
753872,361,"California, MD",38.3002,-76.5077,1807,10,5.90%
394495,363,"Cookeville, TN",36.1628,-85.5016,1026,10,5.20%
394893,364,"Muncie, IN",40.1934,-85.3864,872,7.5,12.30%
394788,367,"Lewiston, ME",44.1004,-70.2148,1536,10,6.40%
394804,368,"Longview, WA",46.1382,-122.9382,1176,10,4.80%
394932,369,"Ogdensburg, NY",44.6934,-75.486,1061,7.5,0.00%
394734,370,"Kankakee, IL",41.12,-87.8612,1137,7.5,5.60%
395023,373,"Richmond, KY",37.7479,-84.2947,891,10,1.20%
395222,375,"Whitewater, WI",42.8339,-88.7326,1254,7.5,0.00%
394709,376,"Ithaca, NY",42.4439,-76.5019,1737,10,2.90%
394637,377,"Grand Forks, ND",47.9253,-97.0329,1047,10,8.10%
394762,379,"LaGrange, GA",33.0393,-85.0314,1292,10,1.00%
394369,380,"Bay City, MI",43.5945,-83.8889,1283,7.5,0.00%
394599,381,"Fond du Lac, WI",43.775,-88.4388,1012,10,5.20%
394733,384,"Kalispell, MT",48.191,-114.316,1708,10,2.10%
394823,386,"Mankato, MN",44.1636,-93.9994,1202,10,3.60%
395166,389,"Truckee, CA",39.3279,-120.1833,1875,7.5,0.00%
395080,390,"Sebring, FL",27.4956,-81.4409,1253,7.5,0.00%
394462,391,"Cheyenne, WY",41.1398,-104.8202,1071,10,7.00%
395090,394,"Shelby, NC",35.2924,-81.5356,1100,10,0.00%
394542,396,"Dubuque, IA",42.5006,-90.6646,893,10,5.90%
394852,397,"Meridian, MS",32.3643,-88.7037,1173,12.5,0.00%
753912,398,"Pinehurst, NC",35.1954,-79.4695,1661,7.5,0.10%
394953,399,"Paducah, KY",37.0834,-88.6,975,10,0.00%
395190,400,"Victoria, TX",28.8053,-97.0036,1031,10,9.00%
395038,401,"Rome, GA",34.257,-85.1647,1091,10,8.80%
395086,402,"Sevierville, TN",35.8681,-83.5618,1572,10,-6.70%
394882,403,"Moses Lake, WA",47.1301,-119.2781,1475,10,-3.50%
394441,405,"Cape Girardeau, MO",37.3059,-89.5181,846,10,6.60%
394580,407,"Fairbanks, AK",64.8378,-147.7164,1594,10,4.60%
394410,408,"Brainerd, MN",46.358,-94.2008,1145,7.5,0.00%
394505,411,"Corvallis, OR",44.5646,-123.262,1633,7.5,0.80%
394988,412,"Pocatello, ID",42.8713,-112.4455,987,10,3.10%
394501,413,"Corning, NY",42.1429,-77.0547,1373,7.5,4.30%
395175,416,"Ukiah, CA",39.1502,-123.2078,1500,7.5,0.00%
753887,417,"Hermiston, OR",45.8404,-119.2895,1162,7.5,0.00%
394373,420,"Beaver Dam, WI",43.4575,-88.8373,1004,7.5,6.10%
394641,422,"Grants Pass, OR",42.439,-123.327,1167,10,0.00%
394907,427,"New Castle, PA",41.0037,-80.347,728,10,0.00%
394925,428,"Oak Harbor, WA",48.2932,-122.643,1648,10,3.50%
394942,429,"Orangeburg, SC",33.4918,-80.8556,1435,10,0.00%
395212,430,"Watertown, WI",43.1947,-88.7287,1168,7.5,8.50%
394644,433,"Great Falls, MT",47.4942,-111.2833,1098,10,4.60%
394859,437,"Midland, MI",43.6156,-84.2472,1716,10,4.40%
394755,438,"Kokomo, IN",40.4864,-86.1336,812,7.5,0.00%
394395,439,"Bloomsburg, PA",41.0037,-76.4547,1006,10,10.20%
394675,441,"Helena, MT",46.5884,-112.0245,1412,10,6.20%
394744,442,"Key West, FL",24.5551,-81.78,2867,7.5,4.50%
394489,445,"Columbus, IN",39.2014,-85.9214,1282,10,8.90%
394345,446,"Athens, TX",32.2049,-95.8555,1236,7.5,0.00%
394452,447,"Centralia, WA",46.716,-122.9543,1278,10,6.70%
394682,449,"Hinesville, GA",31.847,-81.5964,1436,7.5,-2.80%
395205,451,"Warsaw, IN",41.2381,-85.853,1126,7.5,0.00%
395126,453,"Statesboro, GA",32.4488,-81.7832,1044,7.5,3.30%
394445,454,"Casper, WY",42.8666,-106.3131,1376,10,4.30%
753881,456,"Glenwood Springs, CO",39.5505,-107.3248,2630,10,0.00%
394866,458,"Minot, ND",48.2325,-101.295,1026,10,6.20%
394638,462,"Grand Island, NE",40.9264,-98.342,1334,12.5,0.00%
394699,465,"Huntsville, TX",30.7235,-95.5508,1003,10,0.00%
394738,466,"Keene, NH",42.9337,-72.278,1745,7.5,6.30%
394593,470,"Findlay, OH",41.0442,-83.6499,1538,10,0.00%
394614,471,"Frankfort, KY",38.2009,-84.8733,974,10,9.30%
394516,472,"Danville, IL",40.1245,-87.63,616,10,3.70%
394298,473,"Aberdeen, WA",46.9759,-123.8157,1340,10,10.80%
753893,477,"Jefferson, GA",34.1173,-83.5724,1503,7.5,0.30%
394736,478,"Kapaa, HI",22.088,-159.3379,2400,7.5,0.00%
395088,482,"Shawnee, OK",35.3273,-96.9253,823,10,0.00%
395132,485,"Stevens Point, WI",44.5236,-89.5746,960,10,6.40%
394655,488,"Greenwood, SC",34.1954,-82.1618,863,10,0.00%
394752,490,"Klamath Falls, OR",42.225,-121.7817,1026,10,0.00%
394877,491,"Morehead City, NC",34.7229,-76.726,1500,7.5,0.00%
394305,493,"Alamogordo, NM",32.8995,-105.9603,1123,7.5,0.00%
394586,498,"Faribault, MN",44.295,-93.2688,1383,7.5,0.00%
394829,500,"Marquette, MI",46.5436,-87.3954,1134,10,0.00%
394360,505,"Baraboo, WI",43.4719,-89.7446,988,7.5,0.00%
845163,508,"Jasper, AL",33.8313,-87.2775,789,7.5,0.00%
395092,510,"Shelton, WA",47.215,-123.1007,1403,7.5,0.00%
395020,517,"Rexburg, ID",43.826,-111.7897,1026,7.5,1.70%
394787,518,"Lewiston, ID",46.4165,-117.0177,1150,7.5,0.00%
394759,519,"Laconia, NH",43.5279,-71.4703,1832,7.5,0.00%
394343,521,"Athens, OH",39.3292,-82.1013,628,7.5,0.00%
395199,525,"Walla Walla, WA",46.0646,-118.343,1479,7.5,3.70%
394701,527,"Hutchinson, KS",38.0608,-97.9298,659,10,0.00%
394693,528,"Hudson, NY",42.2529,-73.7905,1960,7.5,9.60%
395124,529,"Starkville, MS",33.4504,-88.8184,1356,7.5,8.80%
394631,531,"Gillette, WY",44.2911,-105.5022,1127,10,0.00%
845162,535,"Granbury, TX",32.4421,-97.7942,1536,7.5,5.40%
395049,537,"Salina, KS",38.8403,-97.6114,750,10,0.00%
753903,538,"Marietta, OH",39.4154,-81.4548,885,7.5,0.00%
394362,540,"Barre, VT",44.197,-72.502,1239,7.5,0.00%
394939,542,"Oneonta, NY",42.4529,-75.0638,1348,7.5,0.00%
394490,543,"Columbus, MS",33.4957,-88.4273,1280,10,0.00%
394456,549,"Charleston, IL",39.4967,-88.1762,635,7.5,0.00%
394592,550,"Fernley, NV",39.6074,-119.2518,1475,7.5,0.00%
394444,551,"Carson City, NV",39.1638,-119.7674,1909,7.5,5.80%
394551,552,"Eagle Pass, TX",28.7091,-100.4995,1477,10,0.00%
394432,553,"Calhoun, GA",34.5026,-84.9511,1995,7.5,0.00%
753877,554,"Cullowhee, NC",35.3132,-83.176,1249,7.5,0.00%
394582,556,"Fairmont, WV",39.4851,-80.1426,838,7.5,0.00%
394621,558,"Gaffney, SC",35.0718,-81.6465,915,7.5,0.00%
394411,561,"Branson, MO",36.6437,-93.2185,909,10,0.00%
394446,562,"Cedar City, UT",37.6775,-113.0619,1326,10,3.10%
394556,566,"Edwards, CO",39.6442,-106.5946,3091,7.5,0.00%
394547,567,"Durango, CO",37.2753,-107.8801,1920,10,5.50%
395122,576,"St. Marys, GA",30.7305,-81.5626,1400,7.5,2.70%
395204,578,"Warrensburg, MO",38.7628,-93.7361,815,10,6.90%
394634,579,"Gloversville, NY",43.0526,-74.3438,900,7.5,0.00%
394604,580,"Fort Leonard Wood, MO",37.7057,-92.157,920,7.5,6.90%
394571,585,"Enterprise, AL",31.3152,-85.8552,1092,7.5,0.00%
394339,586,"Ashland, OH",40.867,-82.3152,835,7.5,0.00%
394363,590,"Bartlesville, OK",36.7473,-95.9808,1328,10,0.00%
394503,592,"Corsicana, TX",32.0954,-96.4689,1143,10,-1.30%
395234,603,"Winona, MN",44.0554,-91.6664,908,7.5,0.00%
394326,607,"Amsterdam, NY",42.9387,-74.1882,1200,7.5,0.00%
394608,611,"Fort Polk South, LA",31.0484,-93.2066,1100,7.5,0.00%
394437,612,"Carson City, CO",#N/A,#N/A,1050,7.5,0.00%
394478,615,"Clovis, NM",34.4048,-103.2052,905,10,1.10%
394919,616,"Norfolk, NE",42.0327,-97.4133,885,7.5,0.00%
395043,618,"Ruston, LA",32.5232,-92.6379,1091,7.5,8.00%
395008,620,"Pullman, WA",46.7313,-117.178,1134,7.5,0.00%
394391,623,"Blackfoot, ID",43.1902,-112.3441,1052,7.5,0.00%
394876,628,"Montrose, CO",38.4783,-107.8762,1353,10,0.00%
394504,629,"Cortland, NY",42.6012,-76.1805,1366,7.5,9.00%
394850,651,"Menomonie, WI",44.8758,-91.9193,922,7.5,0.00%
395037,659,"Rolla, MO",37.9514,-91.7715,637,7.5,7.50%
394567,663,"Ellensburg, WA",46.9965,-120.5478,1256,7.5,0.00%
395032,678,"Rock Springs, WY",41.5875,-109.2029,1294,7.5,10.70%
395129,680,"Stephenville, TX",32.2207,-98.2023,762,7.5,-2.50%
394891,686,"Mountain Home, AR",36.3345,-92.3852,1000,7.5,0.00%
394341,691,"Astoria, OR",46.1879,-123.8313,1463,7.5,12.50%
394354,698,"Austin, MN",43.6666,-92.9746,769,7.5,0.00%
395082,699,"Selinsgrove, PA",40.7984,-76.8619,1000,7.5,0.00%
395227,715,"Williston, ND",48.1467,-103.617,1293,7.5,7.70%
394507,722,"Crawfordsville, IN",40.0412,-86.8744,891,7.5,0.00%
394771,733,"Laramie, WY",41.3114,-105.5911,1050,7.5,10.20%
394894,734,"Murray, KY",36.6103,-88.3148,1053,7.5,0.00%
394603,737,"Fort Dodge, IA",42.4975,-94.168,789,7.5,0.00%
394370,751,"Bay City, TX",28.982,-95.9694,869,7.5,0.00%
395187,760,"Vernal, UT",40.4555,-109.5287,1200,7.5,0.00%
394430,764,"Butte, MT",46.0038,-112.5347,1124,7.5,0.00%
394569,767,"Emporia, KS",38.4039,-96.1817,625,7.5,0.00%
394331,774,"Angola, IN",41.6342,-85.0008,962,7.5,0.00%
394419,778,"Brookings, SD",44.3114,-96.7984,1010,7.5,10.10%
394533,785,"Dickinson, ND",46.8792,-102.7896,1260,7.5,0.00%
753871,811,"Breckenridge, CO",39.4817,-106.0384,2824,7.5,0.00%
753923,849,"The Dalles, OR",45.5946,-121.1787,1539,7.5,0.00%
395198,882,"Wahpeton, ND",46.2641,-96.6056,770,7.5,0.00%
394371,891,"Beatrice, NE",40.2686,-96.7468,1175,7.5,0.00%
394718,892,"Jamestown, ND",46.9105,-98.7084,1302,7.5,6.70%
394996,915,"Portales, NM",34.1862,-103.336,833,7.5,0.00%
